{"cameraMode":{"drawMode":0,"name":"Shaded","section":"Shading Mode"},"sceneLighting":false,"audioPlay":false,"sceneViewState":{"showFog":false,"showMaterialUpdate":false,"showSkybox":true,"showFlares":false,"showImageEffects":false,"showParticleSystems":false},"in2DMode":false,"pivot":{"x":-24.4907283782959,"y":1.3824752569198609,"z":84.7018814086914},"rotation":{"x":-0.061144277453422549,"y":-0.5576908588409424,"z":0.04122881963849068,"w":-0.8268240690231323},"size":2.0660252571105959,"orthographic":false}