{"cameraMode":{"drawMode":0,"name":"Shaded","section":"Shading Mode"},"sceneLighting":false,"audioPlay":false,"sceneViewState":{"showFog":false,"showMaterialUpdate":false,"showSkybox":true,"showFlares":false,"showImageEffects":false,"showParticleSystems":false},"in2DMode":false,"pivot":{"x":-1.508385419845581,"y":0.9487444162368774,"z":-0.07254333049058914},"rotation":{"x":-0.3961983323097229,"y":-0.3727929890155792,"z":0.1802280843257904,"w":-0.8195514678955078},"size":0.8660283088684082,"orthographic":false}